{"cameraMode":{"drawMode":0,"name":"Shaded","section":"Shading Mode"},"sceneLighting":false,"audioPlay":false,"sceneViewState":{"m_AlwaysRefresh":false,"showFog":true,"showSkybox":false,"showFlares":true,"showImageEffects":true,"showParticleSystems":true,"showVisualEffectGraphs":true,"m_FxEnabled":true},"in2DMode":false,"pivot":{"x":19.592453002929689,"y":-4.163610458374023,"z":20.438383102416993},"rotation":{"x":0.06932813674211502,"y":0.35968708992004397,"z":-0.02680830843746662,"w":0.9301131367683411},"size":28.61086082458496,"orthographic":false}