{"cameraMode":{"drawMode":0,"name":"Shaded","section":"Shading Mode"},"sceneLighting":false,"audioPlay":false,"sceneViewState":{"m_AlwaysRefresh":false,"showFog":true,"showSkybox":false,"showFlares":true,"showImageEffects":true,"showParticleSystems":true,"showVisualEffectGraphs":true,"m_FxEnabled":true},"in2DMode":false,"pivot":{"x":0.6798872947692871,"y":10.202716827392579,"z":0.005817413330078125},"rotation":{"x":0.12072602659463883,"y":0.3700675070285797,"z":-0.04856990650296211,"w":0.9198463559150696},"size":10.222626686096192,"orthographic":true}