{"cameraMode":{"drawMode":0,"name":"Shaded","section":"Shading Mode"},"sceneLighting":false,"audioPlay":false,"sceneViewState":{"m_AlwaysRefresh":false,"showFog":true,"showSkybox":false,"showFlares":true,"showImageEffects":true,"showParticleSystems":true,"showVisualEffectGraphs":true,"m_FxEnabled":true},"in2DMode":false,"pivot":{"x":99.75212860107422,"y":25.862377166748048,"z":-141.7313232421875},"rotation":{"x":-0.0002634158299770206,"y":-0.9991831183433533,"z":0.03988851606845856,"w":-0.0065984283573925499},"size":29.985309600830079,"orthographic":false}