{"cameraMode":{"drawMode":0,"name":"Shaded","section":"Shading Mode"},"sceneLighting":false,"audioPlay":false,"sceneViewState":{"m_AlwaysRefresh":false,"showFog":true,"showSkybox":false,"showFlares":true,"showImageEffects":true,"showParticleSystems":true,"showVisualEffectGraphs":true,"m_FxEnabled":true},"in2DMode":false,"pivot":{"x":71.08747863769531,"y":11.747573852539063,"z":-112.32020568847656},"rotation":{"x":-0.00522160017862916,"y":-0.9465035200119019,"z":0.015334650874137879,"w":-0.3222910463809967},"size":100.55321502685547,"orthographic":false}